region_country,prefecture,municipality,layout_type,building_structure,avg_rent_yen,source_name,source_url,source_updated_at,collected_at,method_notes,count,confidence
JP,tokyo,千代田区,1R,wood,115100,estimated_from_rc,,2026-02-20,2026-02-20,RC(155000) x ratio(0.742),0,estimate
JP,tokyo,千代田区,1R,light_steel,130200,estimated_from_rc,,2026-02-20,2026-02-20,RC(155000) x ratio(0.840),0,estimate
JP,tokyo,千代田区,1R,steel,118600,estimated_from_rc,,2026-02-20,2026-02-20,RC(155000) x ratio(0.765),0,estimate
JP,tokyo,千代田区,1K,wood,113300,estimated_from_rc,,2026-02-20,2026-02-20,RC(140000) x ratio(0.809),0,estimate
JP,tokyo,千代田区,1K,light_steel,115700,estimated_from_rc,,2026-02-20,2026-02-20,RC(140000) x ratio(0.827),0,estimate
JP,tokyo,千代田区,1K,steel,115800,estimated_from_rc,,2026-02-20,2026-02-20,RC(140000) x ratio(0.827),0,estimate
JP,tokyo,千代田区,1DK,wood,149000,estimated_from_rc,,2026-02-20,2026-02-20,RC(171000) x ratio(0.871),0,estimate
JP,tokyo,千代田区,1DK,light_steel,143600,estimated_from_rc,,2026-02-20,2026-02-20,RC(171000) x ratio(0.840),0,estimate
JP,tokyo,千代田区,1DK,steel,128200,estimated_from_rc,,2026-02-20,2026-02-20,RC(171000) x ratio(0.750),0,estimate
JP,tokyo,千代田区,1DK,src,171000,estimated_from_rc,,2026-02-20,2026-02-20,RC(171000) x ratio(1.000),0,estimate
JP,tokyo,千代田区,1LDK,wood,178500,estimated_from_rc,,2026-02-20,2026-02-20,RC(229500) x ratio(0.778),0,estimate
JP,tokyo,千代田区,1LDK,light_steel,198200,estimated_from_rc,,2026-02-20,2026-02-20,RC(229500) x ratio(0.864),0,estimate
JP,tokyo,千代田区,1LDK,steel,196900,estimated_from_rc,,2026-02-20,2026-02-20,RC(229500) x ratio(0.858),0,estimate
JP,tokyo,中央区,1R,wood,102400,estimated_from_rc,,2026-02-20,2026-02-20,RC(138000) x ratio(0.742),0,estimate
JP,tokyo,中央区,1R,light_steel,115900,estimated_from_rc,,2026-02-20,2026-02-20,RC(138000) x ratio(0.840),0,estimate
JP,tokyo,中央区,1R,steel,105600,estimated_from_rc,,2026-02-20,2026-02-20,RC(138000) x ratio(0.765),0,estimate
JP,tokyo,中央区,1K,wood,111600,estimated_from_rc,,2026-02-20,2026-02-20,RC(138000) x ratio(0.809),0,estimate
JP,tokyo,中央区,1K,light_steel,114100,estimated_from_rc,,2026-02-20,2026-02-20,RC(138000) x ratio(0.827),0,estimate
JP,tokyo,中央区,1K,steel,114100,estimated_from_rc,,2026-02-20,2026-02-20,RC(138000) x ratio(0.827),0,estimate
JP,tokyo,中央区,1DK,wood,140300,estimated_from_rc,,2026-02-20,2026-02-20,RC(161000) x ratio(0.871),0,estimate
JP,tokyo,中央区,1DK,light_steel,135200,estimated_from_rc,,2026-02-20,2026-02-20,RC(161000) x ratio(0.840),0,estimate
JP,tokyo,中央区,1DK,steel,120800,estimated_from_rc,,2026-02-20,2026-02-20,RC(161000) x ratio(0.750),0,estimate
JP,tokyo,中央区,1DK,src,161000,estimated_from_rc,,2026-02-20,2026-02-20,RC(161000) x ratio(1.000),0,estimate
JP,tokyo,中央区,1LDK,wood,169600,estimated_from_rc,,2026-02-20,2026-02-20,RC(218000) x ratio(0.778),0,estimate
JP,tokyo,中央区,1LDK,light_steel,188300,estimated_from_rc,,2026-02-20,2026-02-20,RC(218000) x ratio(0.864),0,estimate
JP,tokyo,中央区,1LDK,steel,187100,estimated_from_rc,,2026-02-20,2026-02-20,RC(218000) x ratio(0.858),0,estimate
JP,tokyo,港区,1R,wood,118800,estimated_from_rc,,2026-02-20,2026-02-20,RC(160000) x ratio(0.742),0,estimate
JP,tokyo,港区,1R,light_steel,134400,estimated_from_rc,,2026-02-20,2026-02-20,RC(160000) x ratio(0.840),0,estimate
JP,tokyo,港区,1R,steel,122400,estimated_from_rc,,2026-02-20,2026-02-20,RC(160000) x ratio(0.765),0,estimate
JP,tokyo,港区,1K,wood,121300,estimated_from_rc,,2026-02-20,2026-02-20,RC(150000) x ratio(0.809),0,estimate
JP,tokyo,港区,1K,light_steel,124000,estimated_from_rc,,2026-02-20,2026-02-20,RC(150000) x ratio(0.827),0,estimate
JP,tokyo,港区,1K,steel,124100,estimated_from_rc,,2026-02-20,2026-02-20,RC(150000) x ratio(0.827),0,estimate
JP,tokyo,港区,1DK,wood,149800,estimated_from_rc,,2026-02-20,2026-02-20,RC(172000) x ratio(0.871),0,estimate
JP,tokyo,港区,1DK,light_steel,144500,estimated_from_rc,,2026-02-20,2026-02-20,RC(172000) x ratio(0.840),0,estimate
JP,tokyo,港区,1DK,steel,129000,estimated_from_rc,,2026-02-20,2026-02-20,RC(172000) x ratio(0.750),0,estimate
JP,tokyo,港区,1LDK,wood,201400,estimated_from_rc,,2026-02-20,2026-02-20,RC(259000) x ratio(0.778),0,estimate
JP,tokyo,港区,1LDK,light_steel,223700,estimated_from_rc,,2026-02-20,2026-02-20,RC(259000) x ratio(0.864),0,estimate
JP,tokyo,港区,1LDK,steel,222300,estimated_from_rc,,2026-02-20,2026-02-20,RC(259000) x ratio(0.858),0,estimate
JP,tokyo,港区,1LDK,src,259800,estimated_from_rc,,2026-02-20,2026-02-20,RC(259000) x ratio(1.003),0,estimate
JP,tokyo,新宿区,1R,light_steel,102500,estimated_from_rc,,2026-02-20,2026-02-20,RC(122000) x ratio(0.840),0,estimate
JP,tokyo,新宿区,1R,steel,93400,estimated_from_rc,,2026-02-20,2026-02-20,RC(122000) x ratio(0.765),0,estimate
JP,tokyo,新宿区,1K,wood,103600,estimated_from_rc,,2026-02-20,2026-02-20,RC(128000) x ratio(0.809),0,estimate
JP,tokyo,新宿区,1K,light_steel,105800,estimated_from_rc,,2026-02-20,2026-02-20,RC(128000) x ratio(0.827),0,estimate
JP,tokyo,新宿区,1DK,wood,141100,estimated_from_rc,,2026-02-20,2026-02-20,RC(162000) x ratio(0.871),0,estimate
JP,tokyo,新宿区,1DK,light_steel,136100,estimated_from_rc,,2026-02-20,2026-02-20,RC(162000) x ratio(0.840),0,estimate
JP,tokyo,新宿区,1DK,steel,121500,estimated_from_rc,,2026-02-20,2026-02-20,RC(162000) x ratio(0.750),0,estimate
JP,tokyo,新宿区,1DK,src,162000,estimated_from_rc,,2026-02-20,2026-02-20,RC(162000) x ratio(1.000),0,estimate
JP,tokyo,新宿区,1LDK,wood,155200,estimated_from_rc,,2026-02-20,2026-02-20,RC(199500) x ratio(0.778),0,estimate
JP,tokyo,新宿区,1LDK,light_steel,172300,estimated_from_rc,,2026-02-20,2026-02-20,RC(199500) x ratio(0.864),0,estimate
JP,tokyo,新宿区,1LDK,steel,171200,estimated_from_rc,,2026-02-20,2026-02-20,RC(199500) x ratio(0.858),0,estimate
JP,tokyo,新宿区,1LDK,src,200100,estimated_from_rc,,2026-02-20,2026-02-20,RC(199500) x ratio(1.003),0,estimate
JP,tokyo,文京区,1R,wood,96500,estimated_from_rc,,2026-02-20,2026-02-20,RC(130000) x ratio(0.742),0,estimate
JP,tokyo,文京区,1R,light_steel,109200,estimated_from_rc,,2026-02-20,2026-02-20,RC(130000) x ratio(0.840),0,estimate
JP,tokyo,文京区,1R,steel,99500,estimated_from_rc,,2026-02-20,2026-02-20,RC(130000) x ratio(0.765),0,estimate
JP,tokyo,文京区,1K,wood,106800,estimated_from_rc,,2026-02-20,2026-02-20,RC(132000) x ratio(0.809),0,estimate
JP,tokyo,文京区,1K,light_steel,109100,estimated_from_rc,,2026-02-20,2026-02-20,RC(132000) x ratio(0.827),0,estimate
JP,tokyo,文京区,1K,steel,109200,estimated_from_rc,,2026-02-20,2026-02-20,RC(132000) x ratio(0.827),0,estimate
JP,tokyo,文京区,1DK,wood,132400,estimated_from_rc,,2026-02-20,2026-02-20,RC(152000) x ratio(0.871),0,estimate
JP,tokyo,文京区,1DK,light_steel,127700,estimated_from_rc,,2026-02-20,2026-02-20,RC(152000) x ratio(0.840),0,estimate
JP,tokyo,文京区,1DK,steel,114000,estimated_from_rc,,2026-02-20,2026-02-20,RC(152000) x ratio(0.750),0,estimate
JP,tokyo,文京区,1DK,src,152000,estimated_from_rc,,2026-02-20,2026-02-20,RC(152000) x ratio(1.000),0,estimate
JP,tokyo,文京区,1LDK,wood,155600,estimated_from_rc,,2026-02-20,2026-02-20,RC(200000) x ratio(0.778),0,estimate
JP,tokyo,文京区,1LDK,light_steel,172700,estimated_from_rc,,2026-02-20,2026-02-20,RC(200000) x ratio(0.864),0,estimate
JP,tokyo,文京区,1LDK,steel,171600,estimated_from_rc,,2026-02-20,2026-02-20,RC(200000) x ratio(0.858),0,estimate
JP,tokyo,台東区,1R,light_steel,100800,estimated_from_rc,,2026-02-20,2026-02-20,RC(120000) x ratio(0.840),0,estimate
JP,tokyo,台東区,1R,steel,91800,estimated_from_rc,,2026-02-20,2026-02-20,RC(120000) x ratio(0.765),0,estimate
JP,tokyo,台東区,1K,wood,97500,estimated_from_rc,,2026-02-20,2026-02-20,RC(120500) x ratio(0.809),0,estimate
JP,tokyo,台東区,1K,light_steel,99600,estimated_from_rc,,2026-02-20,2026-02-20,RC(120500) x ratio(0.827),0,estimate
JP,tokyo,台東区,1DK,wood,123700,estimated_from_rc,,2026-02-20,2026-02-20,RC(142000) x ratio(0.871),0,estimate
JP,tokyo,台東区,1DK,light_steel,119300,estimated_from_rc,,2026-02-20,2026-02-20,RC(142000) x ratio(0.840),0,estimate
JP,tokyo,台東区,1DK,src,142000,estimated_from_rc,,2026-02-20,2026-02-20,RC(142000) x ratio(1.000),0,estimate
JP,tokyo,台東区,1LDK,wood,143900,estimated_from_rc,,2026-02-20,2026-02-20,RC(185000) x ratio(0.778),0,estimate
JP,tokyo,台東区,1LDK,light_steel,159800,estimated_from_rc,,2026-02-20,2026-02-20,RC(185000) x ratio(0.864),0,estimate
JP,tokyo,台東区,1LDK,steel,158800,estimated_from_rc,,2026-02-20,2026-02-20,RC(185000) x ratio(0.858),0,estimate
JP,tokyo,台東区,1LDK,src,185600,estimated_from_rc,,2026-02-20,2026-02-20,RC(185000) x ratio(1.003),0,estimate
JP,tokyo,墨田区,1R,light_steel,99100,estimated_from_rc,,2026-02-20,2026-02-20,RC(118000) x ratio(0.840),0,estimate
JP,tokyo,墨田区,1R,src,102400,estimated_from_rc,,2026-02-20,2026-02-20,RC(118000) x ratio(0.868),0,estimate
JP,tokyo,墨田区,1K,wood,91400,estimated_from_rc,,2026-02-20,2026-02-20,RC(113000) x ratio(0.809),0,estimate
JP,tokyo,墨田区,1K,light_steel,93400,estimated_from_rc,,2026-02-20,2026-02-20,RC(113000) x ratio(0.827),0,estimate
JP,tokyo,墨田区,1K,src,92100,estimated_from_rc,,2026-02-20,2026-02-20,RC(113000) x ratio(0.815),0,estimate
JP,tokyo,墨田区,1DK,wood,115900,estimated_from_rc,,2026-02-20,2026-02-20,RC(133000) x ratio(0.871),0,estimate
JP,tokyo,墨田区,1DK,light_steel,111700,estimated_from_rc,,2026-02-20,2026-02-20,RC(133000) x ratio(0.840),0,estimate
JP,tokyo,墨田区,1DK,steel,99800,estimated_from_rc,,2026-02-20,2026-02-20,RC(133000) x ratio(0.750),0,estimate
JP,tokyo,墨田区,1DK,src,133000,estimated_from_rc,,2026-02-20,2026-02-20,RC(133000) x ratio(1.000),0,estimate
JP,tokyo,墨田区,1LDK,wood,140000,estimated_from_rc,,2026-02-20,2026-02-20,RC(180000) x ratio(0.778),0,estimate
JP,tokyo,墨田区,1LDK,light_steel,155500,estimated_from_rc,,2026-02-20,2026-02-20,RC(180000) x ratio(0.864),0,estimate
JP,tokyo,墨田区,1LDK,steel,154500,estimated_from_rc,,2026-02-20,2026-02-20,RC(180000) x ratio(0.858),0,estimate
JP,tokyo,墨田区,1LDK,src,180600,estimated_from_rc,,2026-02-20,2026-02-20,RC(180000) x ratio(1.003),0,estimate
JP,tokyo,江東区,1R,light_steel,102500,estimated_from_rc,,2026-02-20,2026-02-20,RC(122000) x ratio(0.840),0,estimate
JP,tokyo,江東区,1K,wood,94700,estimated_from_rc,,2026-02-20,2026-02-20,RC(117000) x ratio(0.809),0,estimate
JP,tokyo,江東区,1K,light_steel,96700,estimated_from_rc,,2026-02-20,2026-02-20,RC(117000) x ratio(0.827),0,estimate
JP,tokyo,江東区,1K,steel,96800,estimated_from_rc,,2026-02-20,2026-02-20,RC(117000) x ratio(0.827),0,estimate
JP,tokyo,江東区,1K,src,95400,estimated_from_rc,,2026-02-20,2026-02-20,RC(117000) x ratio(0.815),0,estimate
JP,tokyo,江東区,1DK,wood,119300,estimated_from_rc,,2026-02-20,2026-02-20,RC(137000) x ratio(0.871),0,estimate
JP,tokyo,江東区,1DK,light_steel,115100,estimated_from_rc,,2026-02-20,2026-02-20,RC(137000) x ratio(0.840),0,estimate
JP,tokyo,江東区,1DK,src,137000,estimated_from_rc,,2026-02-20,2026-02-20,RC(137000) x ratio(1.000),0,estimate
JP,tokyo,江東区,1LDK,wood,136100,estimated_from_rc,,2026-02-20,2026-02-20,RC(175000) x ratio(0.778),0,estimate
JP,tokyo,江東区,1LDK,src,175500,estimated_from_rc,,2026-02-20,2026-02-20,RC(175000) x ratio(1.003),0,estimate
JP,tokyo,品川区,1R,light_steel,97900,estimated_from_rc,,2026-02-20,2026-02-20,RC(116500) x ratio(0.840),0,estimate
JP,tokyo,品川区,1R,steel,89100,estimated_from_rc,,2026-02-20,2026-02-20,RC(116500) x ratio(0.765),0,estimate
JP,tokyo,品川区,1K,light_steel,105000,estimated_from_rc,,2026-02-20,2026-02-20,RC(127000) x ratio(0.827),0,estimate
JP,tokyo,品川区,1K,steel,105000,estimated_from_rc,,2026-02-20,2026-02-20,RC(127000) x ratio(0.827),0,estimate
JP,tokyo,品川区,1K,src,103500,estimated_from_rc,,2026-02-20,2026-02-20,RC(127000) x ratio(0.815),0,estimate
JP,tokyo,品川区,1DK,light_steel,124300,estimated_from_rc,,2026-02-20,2026-02-20,RC(148000) x ratio(0.840),0,estimate
JP,tokyo,品川区,1DK,steel,111000,estimated_from_rc,,2026-02-20,2026-02-20,RC(148000) x ratio(0.750),0,estimate
JP,tokyo,品川区,1DK,src,148000,estimated_from_rc,,2026-02-20,2026-02-20,RC(148000) x ratio(1.000),0,estimate
JP,tokyo,品川区,1LDK,light_steel,175300,estimated_from_rc,,2026-02-20,2026-02-20,RC(203000) x ratio(0.864),0,estimate
JP,tokyo,品川区,1LDK,src,203600,estimated_from_rc,,2026-02-20,2026-02-20,RC(203000) x ratio(1.003),0,estimate
JP,tokyo,目黒区,1R,light_steel,106700,estimated_from_rc,,2026-02-20,2026-02-20,RC(127000) x ratio(0.840),0,estimate
JP,tokyo,目黒区,1DK,wood,130700,estimated_from_rc,,2026-02-20,2026-02-20,RC(150000) x ratio(0.871),0,estimate
JP,tokyo,目黒区,1DK,light_steel,126000,estimated_from_rc,,2026-02-20,2026-02-20,RC(150000) x ratio(0.840),0,estimate
JP,tokyo,目黒区,1DK,src,150000,estimated_from_rc,,2026-02-20,2026-02-20,RC(150000) x ratio(1.000),0,estimate
JP,tokyo,目黒区,1LDK,wood,154800,estimated_from_rc,,2026-02-20,2026-02-20,RC(199000) x ratio(0.778),0,estimate
JP,tokyo,目黒区,1LDK,light_steel,171900,estimated_from_rc,,2026-02-20,2026-02-20,RC(199000) x ratio(0.864),0,estimate
JP,tokyo,目黒区,1LDK,src,199600,estimated_from_rc,,2026-02-20,2026-02-20,RC(199000) x ratio(1.003),0,estimate
JP,tokyo,大田区,1R,light_steel,96600,estimated_from_rc,,2026-02-20,2026-02-20,RC(115000) x ratio(0.840),0,estimate
JP,tokyo,大田区,1R,src,99800,estimated_from_rc,,2026-02-20,2026-02-20,RC(115000) x ratio(0.868),0,estimate
JP,tokyo,大田区,1K,light_steel,89300,estimated_from_rc,,2026-02-20,2026-02-20,RC(108000) x ratio(0.827),0,estimate
JP,tokyo,大田区,1K,src,88000,estimated_from_rc,,2026-02-20,2026-02-20,RC(108000) x ratio(0.815),0,estimate
JP,tokyo,大田区,1DK,light_steel,106700,estimated_from_rc,,2026-02-20,2026-02-20,RC(127000) x ratio(0.840),0,estimate
JP,tokyo,大田区,1DK,steel,95200,estimated_from_rc,,2026-02-20,2026-02-20,RC(127000) x ratio(0.750),0,estimate
JP,tokyo,大田区,1DK,src,127000,estimated_from_rc,,2026-02-20,2026-02-20,RC(127000) x ratio(1.000),0,estimate
JP,tokyo,大田区,1LDK,light_steel,146800,estimated_from_rc,,2026-02-20,2026-02-20,RC(170000) x ratio(0.864),0,estimate
JP,tokyo,大田区,1LDK,src,170500,estimated_from_rc,,2026-02-20,2026-02-20,RC(170000) x ratio(1.003),0,estimate
JP,tokyo,世田谷区,1R,light_steel,77700,estimated_from_rc,,2026-02-20,2026-02-20,RC(92500) x ratio(0.840),0,estimate
JP,tokyo,世田谷区,1R,src,80300,estimated_from_rc,,2026-02-20,2026-02-20,RC(92500) x ratio(0.868),0,estimate
JP,tokyo,世田谷区,1K,steel,93900,estimated_from_rc,,2026-02-20,2026-02-20,RC(113500) x ratio(0.827),0,estimate
JP,tokyo,世田谷区,1K,src,92500,estimated_from_rc,,2026-02-20,2026-02-20,RC(113500) x ratio(0.815),0,estimate
JP,tokyo,世田谷区,1DK,light_steel,116800,estimated_from_rc,,2026-02-20,2026-02-20,RC(139000) x ratio(0.840),0,estimate
JP,tokyo,世田谷区,1DK,src,139000,estimated_from_rc,,2026-02-20,2026-02-20,RC(139000) x ratio(1.000),0,estimate
JP,tokyo,世田谷区,1LDK,src,176500,estimated_from_rc,,2026-02-20,2026-02-20,RC(176000) x ratio(1.003),0,estimate
JP,tokyo,渋谷区,1R,wood,111300,estimated_from_rc,,2026-02-20,2026-02-20,RC(150000) x ratio(0.742),0,estimate
JP,tokyo,渋谷区,1R,light_steel,126000,estimated_from_rc,,2026-02-20,2026-02-20,RC(150000) x ratio(0.840),0,estimate
JP,tokyo,渋谷区,1K,wood,104800,estimated_from_rc,,2026-02-20,2026-02-20,RC(129500) x ratio(0.809),0,estimate
JP,tokyo,渋谷区,1K,light_steel,107000,estimated_from_rc,,2026-02-20,2026-02-20,RC(129500) x ratio(0.827),0,estimate
JP,tokyo,渋谷区,1DK,wood,148500,estimated_from_rc,,2026-02-20,2026-02-20,RC(170500) x ratio(0.871),0,estimate
JP,tokyo,渋谷区,1DK,light_steel,143200,estimated_from_rc,,2026-02-20,2026-02-20,RC(170500) x ratio(0.840),0,estimate
JP,tokyo,渋谷区,1DK,steel,127900,estimated_from_rc,,2026-02-20,2026-02-20,RC(170500) x ratio(0.750),0,estimate
JP,tokyo,渋谷区,1LDK,wood,171900,estimated_from_rc,,2026-02-20,2026-02-20,RC(221000) x ratio(0.778),0,estimate
JP,tokyo,渋谷区,1LDK,light_steel,190900,estimated_from_rc,,2026-02-20,2026-02-20,RC(221000) x ratio(0.864),0,estimate
JP,tokyo,中野区,1R,light_steel,100400,estimated_from_rc,,2026-02-20,2026-02-20,RC(119500) x ratio(0.840),0,estimate
JP,tokyo,中野区,1R,src,103700,estimated_from_rc,,2026-02-20,2026-02-20,RC(119500) x ratio(0.868),0,estimate
JP,tokyo,中野区,1K,light_steel,98400,estimated_from_rc,,2026-02-20,2026-02-20,RC(119000) x ratio(0.827),0,estimate
JP,tokyo,中野区,1K,src,97000,estimated_from_rc,,2026-02-20,2026-02-20,RC(119000) x ratio(0.815),0,estimate
JP,tokyo,中野区,1DK,wood,118500,estimated_from_rc,,2026-02-20,2026-02-20,RC(136000) x ratio(0.871),0,estimate
JP,tokyo,中野区,1DK,light_steel,114200,estimated_from_rc,,2026-02-20,2026-02-20,RC(136000) x ratio(0.840),0,estimate
JP,tokyo,中野区,1DK,steel,102000,estimated_from_rc,,2026-02-20,2026-02-20,RC(136000) x ratio(0.750),0,estimate
JP,tokyo,中野区,1DK,src,136000,estimated_from_rc,,2026-02-20,2026-02-20,RC(136000) x ratio(1.000),0,estimate
JP,tokyo,中野区,1LDK,src,180600,estimated_from_rc,,2026-02-20,2026-02-20,RC(180000) x ratio(1.003),0,estimate
JP,tokyo,杉並区,1R,light_steel,73100,estimated_from_rc,,2026-02-20,2026-02-20,RC(87000) x ratio(0.840),0,estimate
JP,tokyo,杉並区,1R,src,75500,estimated_from_rc,,2026-02-20,2026-02-20,RC(87000) x ratio(0.868),0,estimate
JP,tokyo,杉並区,1K,src,79900,estimated_from_rc,,2026-02-20,2026-02-20,RC(98000) x ratio(0.815),0,estimate
JP,tokyo,杉並区,1DK,light_steel,102100,estimated_from_rc,,2026-02-20,2026-02-20,RC(121500) x ratio(0.840),0,estimate
JP,tokyo,杉並区,1DK,src,121500,estimated_from_rc,,2026-02-20,2026-02-20,RC(121500) x ratio(1.000),0,estimate
JP,tokyo,杉並区,1LDK,steel,145500,estimated_from_rc,,2026-02-20,2026-02-20,RC(169500) x ratio(0.858),0,estimate
JP,tokyo,杉並区,1LDK,src,170000,estimated_from_rc,,2026-02-20,2026-02-20,RC(169500) x ratio(1.003),0,estimate
JP,tokyo,豊島区,1R,light_steel,81500,estimated_from_rc,,2026-02-20,2026-02-20,RC(97000) x ratio(0.840),0,estimate
JP,tokyo,豊島区,1K,light_steel,93400,estimated_from_rc,,2026-02-20,2026-02-20,RC(113000) x ratio(0.827),0,estimate
JP,tokyo,豊島区,1K,src,92100,estimated_from_rc,,2026-02-20,2026-02-20,RC(113000) x ratio(0.815),0,estimate
JP,tokyo,豊島区,1DK,wood,126300,estimated_from_rc,,2026-02-20,2026-02-20,RC(145000) x ratio(0.871),0,estimate
JP,tokyo,豊島区,1DK,light_steel,121800,estimated_from_rc,,2026-02-20,2026-02-20,RC(145000) x ratio(0.840),0,estimate
JP,tokyo,豊島区,1DK,steel,108800,estimated_from_rc,,2026-02-20,2026-02-20,RC(145000) x ratio(0.750),0,estimate
JP,tokyo,豊島区,1DK,src,145000,estimated_from_rc,,2026-02-20,2026-02-20,RC(145000) x ratio(1.000),0,estimate
JP,tokyo,豊島区,1LDK,light_steel,149000,estimated_from_rc,,2026-02-20,2026-02-20,RC(172500) x ratio(0.864),0,estimate
JP,tokyo,北区,1R,light_steel,79400,estimated_from_rc,,2026-02-20,2026-02-20,RC(94500) x ratio(0.840),0,estimate
JP,tokyo,北区,1R,src,82000,estimated_from_rc,,2026-02-20,2026-02-20,RC(94500) x ratio(0.868),0,estimate
JP,tokyo,北区,1K,light_steel,91700,estimated_from_rc,,2026-02-20,2026-02-20,RC(111000) x ratio(0.827),0,estimate
JP,tokyo,北区,1K,src,90500,estimated_from_rc,,2026-02-20,2026-02-20,RC(111000) x ratio(0.815),0,estimate
JP,tokyo,北区,1DK,light_steel,113000,estimated_from_rc,,2026-02-20,2026-02-20,RC(134500) x ratio(0.840),0,estimate
JP,tokyo,北区,1DK,steel,100900,estimated_from_rc,,2026-02-20,2026-02-20,RC(134500) x ratio(0.750),0,estimate
JP,tokyo,北区,1DK,src,134500,estimated_from_rc,,2026-02-20,2026-02-20,RC(134500) x ratio(1.000),0,estimate
JP,tokyo,北区,1LDK,light_steel,145500,estimated_from_rc,,2026-02-20,2026-02-20,RC(168500) x ratio(0.864),0,estimate
JP,tokyo,北区,1LDK,src,169000,estimated_from_rc,,2026-02-20,2026-02-20,RC(168500) x ratio(1.003),0,estimate
JP,tokyo,荒川区,1R,light_steel,93200,estimated_from_rc,,2026-02-20,2026-02-20,RC(111000) x ratio(0.840),0,estimate
JP,tokyo,荒川区,1R,src,96300,estimated_from_rc,,2026-02-20,2026-02-20,RC(111000) x ratio(0.868),0,estimate
JP,tokyo,荒川区,1K,light_steel,87600,estimated_from_rc,,2026-02-20,2026-02-20,RC(106000) x ratio(0.827),0,estimate
JP,tokyo,荒川区,1K,src,86400,estimated_from_rc,,2026-02-20,2026-02-20,RC(106000) x ratio(0.815),0,estimate
JP,tokyo,荒川区,1DK,wood,115000,estimated_from_rc,,2026-02-20,2026-02-20,RC(132000) x ratio(0.871),0,estimate
JP,tokyo,荒川区,1DK,light_steel,110900,estimated_from_rc,,2026-02-20,2026-02-20,RC(132000) x ratio(0.840),0,estimate
JP,tokyo,荒川区,1DK,src,132000,estimated_from_rc,,2026-02-20,2026-02-20,RC(132000) x ratio(1.000),0,estimate
JP,tokyo,荒川区,1LDK,light_steel,141200,estimated_from_rc,,2026-02-20,2026-02-20,RC(163500) x ratio(0.864),0,estimate
JP,tokyo,荒川区,1LDK,src,164000,estimated_from_rc,,2026-02-20,2026-02-20,RC(163500) x ratio(1.003),0,estimate
JP,tokyo,板橋区,1R,light_steel,68900,estimated_from_rc,,2026-02-20,2026-02-20,RC(82000) x ratio(0.840),0,estimate
JP,tokyo,板橋区,1K,light_steel,81800,estimated_from_rc,,2026-02-20,2026-02-20,RC(99000) x ratio(0.827),0,estimate
JP,tokyo,板橋区,1K,src,80700,estimated_from_rc,,2026-02-20,2026-02-20,RC(99000) x ratio(0.815),0,estimate
JP,tokyo,板橋区,1DK,wood,104500,estimated_from_rc,,2026-02-20,2026-02-20,RC(120000) x ratio(0.871),0,estimate
JP,tokyo,板橋区,1DK,light_steel,100800,estimated_from_rc,,2026-02-20,2026-02-20,RC(120000) x ratio(0.840),0,estimate
JP,tokyo,板橋区,1DK,steel,90000,estimated_from_rc,,2026-02-20,2026-02-20,RC(120000) x ratio(0.750),0,estimate
JP,tokyo,板橋区,1DK,src,120000,estimated_from_rc,,2026-02-20,2026-02-20,RC(120000) x ratio(1.000),0,estimate
JP,tokyo,板橋区,1LDK,steel,129600,estimated_from_rc,,2026-02-20,2026-02-20,RC(151000) x ratio(0.858),0,estimate
JP,tokyo,板橋区,1LDK,src,151500,estimated_from_rc,,2026-02-20,2026-02-20,RC(151000) x ratio(1.003),0,estimate
JP,tokyo,練馬区,1R,light_steel,62200,estimated_from_rc,,2026-02-20,2026-02-20,RC(74000) x ratio(0.840),0,estimate
JP,tokyo,練馬区,1R,src,64200,estimated_from_rc,,2026-02-20,2026-02-20,RC(74000) x ratio(0.868),0,estimate
JP,tokyo,練馬区,1K,src,72500,estimated_from_rc,,2026-02-20,2026-02-20,RC(89000) x ratio(0.815),0,estimate
JP,tokyo,練馬区,1DK,light_steel,94100,estimated_from_rc,,2026-02-20,2026-02-20,RC(112000) x ratio(0.840),0,estimate
JP,tokyo,練馬区,1DK,steel,84000,estimated_from_rc,,2026-02-20,2026-02-20,RC(112000) x ratio(0.750),0,estimate
JP,tokyo,練馬区,1DK,src,112000,estimated_from_rc,,2026-02-20,2026-02-20,RC(112000) x ratio(1.000),0,estimate
JP,tokyo,練馬区,1LDK,src,142400,estimated_from_rc,,2026-02-20,2026-02-20,RC(142000) x ratio(1.003),0,estimate
JP,tokyo,足立区,1R,light_steel,66400,estimated_from_rc,,2026-02-20,2026-02-20,RC(79000) x ratio(0.840),0,estimate
JP,tokyo,足立区,1R,src,68600,estimated_from_rc,,2026-02-20,2026-02-20,RC(79000) x ratio(0.868),0,estimate
JP,tokyo,足立区,1K,src,74200,estimated_from_rc,,2026-02-20,2026-02-20,RC(91000) x ratio(0.815),0,estimate
JP,tokyo,足立区,1DK,light_steel,82300,estimated_from_rc,,2026-02-20,2026-02-20,RC(98000) x ratio(0.840),0,estimate
JP,tokyo,足立区,1DK,src,98000,estimated_from_rc,,2026-02-20,2026-02-20,RC(98000) x ratio(1.000),0,estimate
JP,tokyo,足立区,1LDK,src,146000,estimated_from_rc,,2026-02-20,2026-02-20,RC(145500) x ratio(1.003),0,estimate
JP,tokyo,葛飾区,1R,light_steel,54200,estimated_from_rc,,2026-02-20,2026-02-20,RC(64500) x ratio(0.840),0,estimate
JP,tokyo,葛飾区,1R,src,56000,estimated_from_rc,,2026-02-20,2026-02-20,RC(64500) x ratio(0.868),0,estimate
JP,tokyo,葛飾区,1K,src,75000,estimated_from_rc,,2026-02-20,2026-02-20,RC(92000) x ratio(0.815),0,estimate
JP,tokyo,葛飾区,1DK,light_steel,81100,estimated_from_rc,,2026-02-20,2026-02-20,RC(96500) x ratio(0.840),0,estimate
JP,tokyo,葛飾区,1DK,src,96500,estimated_from_rc,,2026-02-20,2026-02-20,RC(96500) x ratio(1.000),0,estimate
JP,tokyo,葛飾区,1LDK,src,119400,estimated_from_rc,,2026-02-20,2026-02-20,RC(119000) x ratio(1.003),0,estimate
JP,tokyo,江戸川区,1R,light_steel,58000,estimated_from_rc,,2026-02-20,2026-02-20,RC(69000) x ratio(0.840),0,estimate
JP,tokyo,江戸川区,1R,src,59900,estimated_from_rc,,2026-02-20,2026-02-20,RC(69000) x ratio(0.868),0,estimate
JP,tokyo,江戸川区,1K,src,77400,estimated_from_rc,,2026-02-20,2026-02-20,RC(95000) x ratio(0.815),0,estimate
JP,tokyo,江戸川区,1DK,light_steel,94900,estimated_from_rc,,2026-02-20,2026-02-20,RC(113000) x ratio(0.840),0,estimate
JP,tokyo,江戸川区,1DK,steel,84800,estimated_from_rc,,2026-02-20,2026-02-20,RC(113000) x ratio(0.750),0,estimate
JP,tokyo,江戸川区,1DK,src,113000,estimated_from_rc,,2026-02-20,2026-02-20,RC(113000) x ratio(1.000),0,estimate
JP,tokyo,江戸川区,1LDK,wood,113600,estimated_from_rc,,2026-02-20,2026-02-20,RC(146000) x ratio(0.778),0,estimate
JP,tokyo,江戸川区,1LDK,src,146500,estimated_from_rc,,2026-02-20,2026-02-20,RC(146000) x ratio(1.003),0,estimate
JP,osaka,大阪市都島区,1R,wood,46800,estimated_from_rc,,2026-02-20,2026-02-20,RC(63000) x ratio(0.742),0,estimate
JP,osaka,大阪市都島区,1R,light_steel,52900,estimated_from_rc,,2026-02-20,2026-02-20,RC(63000) x ratio(0.840),0,estimate
JP,osaka,大阪市都島区,1R,src,54700,estimated_from_rc,,2026-02-20,2026-02-20,RC(63000) x ratio(0.868),0,estimate
JP,osaka,大阪市都島区,1K,wood,55000,estimated_from_rc,,2026-02-20,2026-02-20,RC(68000) x ratio(0.809),0,estimate
JP,osaka,大阪市都島区,1K,light_steel,56200,estimated_from_rc,,2026-02-20,2026-02-20,RC(68000) x ratio(0.827),0,estimate
JP,osaka,大阪市都島区,1K,src,55400,estimated_from_rc,,2026-02-20,2026-02-20,RC(68000) x ratio(0.815),0,estimate
JP,osaka,大阪市都島区,1DK,wood,69700,estimated_from_rc,,2026-02-20,2026-02-20,RC(80000) x ratio(0.871),0,estimate
JP,osaka,大阪市都島区,1DK,light_steel,67200,estimated_from_rc,,2026-02-20,2026-02-20,RC(80000) x ratio(0.840),0,estimate
JP,osaka,大阪市都島区,1DK,src,80000,estimated_from_rc,,2026-02-20,2026-02-20,RC(80000) x ratio(1.000),0,estimate
JP,osaka,大阪市都島区,1LDK,wood,84000,estimated_from_rc,,2026-02-20,2026-02-20,RC(108000) x ratio(0.778),0,estimate
JP,osaka,大阪市都島区,1LDK,light_steel,93300,estimated_from_rc,,2026-02-20,2026-02-20,RC(108000) x ratio(0.864),0,estimate
JP,osaka,大阪市都島区,1LDK,src,108300,estimated_from_rc,,2026-02-20,2026-02-20,RC(108000) x ratio(1.003),0,estimate
JP,osaka,大阪市福島区,1R,wood,55700,estimated_from_rc,,2026-02-20,2026-02-20,RC(75000) x ratio(0.742),0,estimate
JP,osaka,大阪市福島区,1R,light_steel,63000,estimated_from_rc,,2026-02-20,2026-02-20,RC(75000) x ratio(0.840),0,estimate
JP,osaka,大阪市福島区,1R,src,65100,estimated_from_rc,,2026-02-20,2026-02-20,RC(75000) x ratio(0.868),0,estimate
JP,osaka,大阪市福島区,1K,wood,55800,estimated_from_rc,,2026-02-20,2026-02-20,RC(69000) x ratio(0.809),0,estimate
JP,osaka,大阪市福島区,1K,light_steel,57000,estimated_from_rc,,2026-02-20,2026-02-20,RC(69000) x ratio(0.827),0,estimate
JP,osaka,大阪市福島区,1K,src,56200,estimated_from_rc,,2026-02-20,2026-02-20,RC(69000) x ratio(0.815),0,estimate
JP,osaka,大阪市福島区,1DK,wood,80100,estimated_from_rc,,2026-02-20,2026-02-20,RC(92000) x ratio(0.871),0,estimate
JP,osaka,大阪市福島区,1DK,light_steel,77300,estimated_from_rc,,2026-02-20,2026-02-20,RC(92000) x ratio(0.840),0,estimate
JP,osaka,大阪市福島区,1DK,steel,69000,estimated_from_rc,,2026-02-20,2026-02-20,RC(92000) x ratio(0.750),0,estimate
JP,osaka,大阪市福島区,1DK,src,92000,estimated_from_rc,,2026-02-20,2026-02-20,RC(92000) x ratio(1.000),0,estimate
JP,osaka,大阪市福島区,1LDK,wood,100300,estimated_from_rc,,2026-02-20,2026-02-20,RC(129000) x ratio(0.778),0,estimate
JP,osaka,大阪市福島区,1LDK,light_steel,111400,estimated_from_rc,,2026-02-20,2026-02-20,RC(129000) x ratio(0.864),0,estimate
JP,osaka,大阪市福島区,1LDK,steel,110700,estimated_from_rc,,2026-02-20,2026-02-20,RC(129000) x ratio(0.858),0,estimate
JP,osaka,大阪市福島区,1LDK,src,129400,estimated_from_rc,,2026-02-20,2026-02-20,RC(129000) x ratio(1.003),0,estimate
JP,osaka,大阪市西区,1R,wood,66100,estimated_from_rc,,2026-02-20,2026-02-20,RC(89000) x ratio(0.742),0,estimate
JP,osaka,大阪市西区,1R,light_steel,74800,estimated_from_rc,,2026-02-20,2026-02-20,RC(89000) x ratio(0.840),0,estimate
JP,osaka,大阪市西区,1K,wood,57200,estimated_from_rc,,2026-02-20,2026-02-20,RC(70700) x ratio(0.809),0,estimate
JP,osaka,大阪市西区,1K,light_steel,58400,estimated_from_rc,,2026-02-20,2026-02-20,RC(70700) x ratio(0.827),0,estimate
JP,osaka,大阪市西区,1K,steel,58500,estimated_from_rc,,2026-02-20,2026-02-20,RC(70700) x ratio(0.827),0,estimate
JP,osaka,大阪市西区,1K,src,57600,estimated_from_rc,,2026-02-20,2026-02-20,RC(70700) x ratio(0.815),0,estimate
JP,osaka,大阪市西区,1DK,wood,87100,estimated_from_rc,,2026-02-20,2026-02-20,RC(100000) x ratio(0.871),0,estimate
JP,osaka,大阪市西区,1DK,light_steel,84000,estimated_from_rc,,2026-02-20,2026-02-20,RC(100000) x ratio(0.840),0,estimate
JP,osaka,大阪市西区,1DK,steel,75000,estimated_from_rc,,2026-02-20,2026-02-20,RC(100000) x ratio(0.750),0,estimate
JP,osaka,大阪市西区,1DK,src,100000,estimated_from_rc,,2026-02-20,2026-02-20,RC(100000) x ratio(1.000),0,estimate
JP,osaka,大阪市西区,1LDK,wood,101100,estimated_from_rc,,2026-02-20,2026-02-20,RC(130000) x ratio(0.778),0,estimate
JP,osaka,大阪市西区,1LDK,light_steel,112300,estimated_from_rc,,2026-02-20,2026-02-20,RC(130000) x ratio(0.864),0,estimate
JP,osaka,大阪市西区,1LDK,steel,111600,estimated_from_rc,,2026-02-20,2026-02-20,RC(130000) x ratio(0.858),0,estimate
JP,osaka,大阪市港区,1R,wood,41600,estimated_from_rc,,2026-02-20,2026-02-20,RC(56000) x ratio(0.742),0,estimate
JP,osaka,大阪市港区,1R,light_steel,47000,estimated_from_rc,,2026-02-20,2026-02-20,RC(56000) x ratio(0.840),0,estimate
JP,osaka,大阪市港区,1R,src,48600,estimated_from_rc,,2026-02-20,2026-02-20,RC(56000) x ratio(0.868),0,estimate
JP,osaka,大阪市港区,1K,wood,53400,estimated_from_rc,,2026-02-20,2026-02-20,RC(66000) x ratio(0.809),0,estimate
JP,osaka,大阪市港区,1K,light_steel,54600,estimated_from_rc,,2026-02-20,2026-02-20,RC(66000) x ratio(0.827),0,estimate
JP,osaka,大阪市港区,1K,src,53800,estimated_from_rc,,2026-02-20,2026-02-20,RC(66000) x ratio(0.815),0,estimate
JP,osaka,大阪市港区,1DK,wood,88900,estimated_from_rc,,2026-02-20,2026-02-20,RC(102000) x ratio(0.871),0,estimate
JP,osaka,大阪市港区,1DK,light_steel,85700,estimated_from_rc,,2026-02-20,2026-02-20,RC(102000) x ratio(0.840),0,estimate
JP,osaka,大阪市港区,1DK,src,102000,estimated_from_rc,,2026-02-20,2026-02-20,RC(102000) x ratio(1.000),0,estimate
JP,osaka,大阪市港区,1LDK,wood,92600,estimated_from_rc,,2026-02-20,2026-02-20,RC(119000) x ratio(0.778),0,estimate
JP,osaka,大阪市港区,1LDK,light_steel,102800,estimated_from_rc,,2026-02-20,2026-02-20,RC(119000) x ratio(0.864),0,estimate
JP,osaka,大阪市港区,1LDK,steel,102100,estimated_from_rc,,2026-02-20,2026-02-20,RC(119000) x ratio(0.858),0,estimate
JP,osaka,大阪市港区,1LDK,src,119400,estimated_from_rc,,2026-02-20,2026-02-20,RC(119000) x ratio(1.003),0,estimate
JP,osaka,大阪市大正区,1K,wood,52400,estimated_from_rc,,2026-02-20,2026-02-20,RC(64800) x ratio(0.809),0,estimate
JP,osaka,大阪市大正区,1K,light_steel,53600,estimated_from_rc,,2026-02-20,2026-02-20,RC(64800) x ratio(0.827),0,estimate
JP,osaka,大阪市大正区,1K,steel,53600,estimated_from_rc,,2026-02-20,2026-02-20,RC(64800) x ratio(0.827),0,estimate
JP,osaka,大阪市大正区,1K,src,52800,estimated_from_rc,,2026-02-20,2026-02-20,RC(64800) x ratio(0.815),0,estimate
JP,osaka,大阪市大正区,1LDK,wood,79600,estimated_from_rc,,2026-02-20,2026-02-20,RC(102400) x ratio(0.778),0,estimate
JP,osaka,大阪市大正区,1LDK,light_steel,88400,estimated_from_rc,,2026-02-20,2026-02-20,RC(102400) x ratio(0.864),0,estimate
JP,osaka,大阪市大正区,1LDK,steel,87900,estimated_from_rc,,2026-02-20,2026-02-20,RC(102400) x ratio(0.858),0,estimate
JP,osaka,大阪市大正区,1LDK,src,102700,estimated_from_rc,,2026-02-20,2026-02-20,RC(102400) x ratio(1.003),0,estimate
JP,osaka,大阪市天王寺区,1R,wood,48600,estimated_from_rc,,2026-02-20,2026-02-20,RC(65500) x ratio(0.742),0,estimate
JP,osaka,大阪市天王寺区,1R,light_steel,55000,estimated_from_rc,,2026-02-20,2026-02-20,RC(65500) x ratio(0.840),0,estimate
JP,osaka,大阪市天王寺区,1R,steel,50100,estimated_from_rc,,2026-02-20,2026-02-20,RC(65500) x ratio(0.765),0,estimate
JP,osaka,大阪市天王寺区,1R,src,56800,estimated_from_rc,,2026-02-20,2026-02-20,RC(65500) x ratio(0.868),0,estimate
JP,osaka,大阪市天王寺区,1K,wood,56600,estimated_from_rc,,2026-02-20,2026-02-20,RC(70000) x ratio(0.809),0,estimate
JP,osaka,大阪市天王寺区,1K,light_steel,57900,estimated_from_rc,,2026-02-20,2026-02-20,RC(70000) x ratio(0.827),0,estimate
JP,osaka,大阪市天王寺区,1K,src,57100,estimated_from_rc,,2026-02-20,2026-02-20,RC(70000) x ratio(0.815),0,estimate
JP,osaka,大阪市天王寺区,1DK,wood,74900,estimated_from_rc,,2026-02-20,2026-02-20,RC(86000) x ratio(0.871),0,estimate
JP,osaka,大阪市天王寺区,1DK,light_steel,72200,estimated_from_rc,,2026-02-20,2026-02-20,RC(86000) x ratio(0.840),0,estimate
JP,osaka,大阪市天王寺区,1DK,steel,64500,estimated_from_rc,,2026-02-20,2026-02-20,RC(86000) x ratio(0.750),0,estimate
JP,osaka,大阪市天王寺区,1DK,src,86000,estimated_from_rc,,2026-02-20,2026-02-20,RC(86000) x ratio(1.000),0,estimate
JP,osaka,大阪市天王寺区,1LDK,wood,99600,estimated_from_rc,,2026-02-20,2026-02-20,RC(128000) x ratio(0.778),0,estimate
JP,osaka,大阪市天王寺区,1LDK,light_steel,110500,estimated_from_rc,,2026-02-20,2026-02-20,RC(128000) x ratio(0.864),0,estimate
JP,osaka,大阪市天王寺区,1LDK,src,128400,estimated_from_rc,,2026-02-20,2026-02-20,RC(128000) x ratio(1.003),0,estimate
JP,osaka,大阪市浪速区,1R,wood,51200,estimated_from_rc,,2026-02-20,2026-02-20,RC(69000) x ratio(0.742),0,estimate
JP,osaka,大阪市浪速区,1R,light_steel,58000,estimated_from_rc,,2026-02-20,2026-02-20,RC(69000) x ratio(0.840),0,estimate
JP,osaka,大阪市浪速区,1R,src,59900,estimated_from_rc,,2026-02-20,2026-02-20,RC(69000) x ratio(0.868),0,estimate
JP,osaka,大阪市浪速区,1K,wood,56600,estimated_from_rc,,2026-02-20,2026-02-20,RC(69975) x ratio(0.809),0,estimate
JP,osaka,大阪市浪速区,1K,light_steel,57800,estimated_from_rc,,2026-02-20,2026-02-20,RC(69975) x ratio(0.827),0,estimate
JP,osaka,大阪市浪速区,1K,steel,57900,estimated_from_rc,,2026-02-20,2026-02-20,RC(69975) x ratio(0.827),0,estimate
JP,osaka,大阪市浪速区,1K,src,57000,estimated_from_rc,,2026-02-20,2026-02-20,RC(69975) x ratio(0.815),0,estimate
JP,osaka,大阪市浪速区,1DK,wood,86000,estimated_from_rc,,2026-02-20,2026-02-20,RC(98750) x ratio(0.871),0,estimate
JP,osaka,大阪市浪速区,1DK,light_steel,83000,estimated_from_rc,,2026-02-20,2026-02-20,RC(98750) x ratio(0.840),0,estimate
JP,osaka,大阪市浪速区,1DK,steel,74100,estimated_from_rc,,2026-02-20,2026-02-20,RC(98750) x ratio(0.750),0,estimate
JP,osaka,大阪市浪速区,1DK,src,98800,estimated_from_rc,,2026-02-20,2026-02-20,RC(98750) x ratio(1.000),0,estimate
JP,osaka,大阪市浪速区,1LDK,wood,91800,estimated_from_rc,,2026-02-20,2026-02-20,RC(118000) x ratio(0.778),0,estimate
JP,osaka,大阪市浪速区,1LDK,light_steel,101900,estimated_from_rc,,2026-02-20,2026-02-20,RC(118000) x ratio(0.864),0,estimate
JP,osaka,大阪市浪速区,1LDK,steel,101300,estimated_from_rc,,2026-02-20,2026-02-20,RC(118000) x ratio(0.858),0,estimate
JP,osaka,大阪市浪速区,1LDK,src,118400,estimated_from_rc,,2026-02-20,2026-02-20,RC(118000) x ratio(1.003),0,estimate
JP,osaka,大阪市西淀川区,1R,wood,42300,estimated_from_rc,,2026-02-20,2026-02-20,RC(57000) x ratio(0.742),0,estimate
JP,osaka,大阪市西淀川区,1R,light_steel,47900,estimated_from_rc,,2026-02-20,2026-02-20,RC(57000) x ratio(0.840),0,estimate
JP,osaka,大阪市西淀川区,1R,steel,43600,estimated_from_rc,,2026-02-20,2026-02-20,RC(57000) x ratio(0.765),0,estimate
JP,osaka,大阪市西淀川区,1R,src,49500,estimated_from_rc,,2026-02-20,2026-02-20,RC(57000) x ratio(0.868),0,estimate
JP,osaka,大阪市西淀川区,1K,light_steel,52300,estimated_from_rc,,2026-02-20,2026-02-20,RC(63250) x ratio(0.827),0,estimate
JP,osaka,大阪市西淀川区,1K,src,51600,estimated_from_rc,,2026-02-20,2026-02-20,RC(63250) x ratio(0.815),0,estimate
JP,osaka,大阪市西淀川区,1DK,wood,81900,estimated_from_rc,,2026-02-20,2026-02-20,RC(94000) x ratio(0.871),0,estimate
JP,osaka,大阪市西淀川区,1DK,light_steel,79000,estimated_from_rc,,2026-02-20,2026-02-20,RC(94000) x ratio(0.840),0,estimate
JP,osaka,大阪市西淀川区,1DK,steel,70500,estimated_from_rc,,2026-02-20,2026-02-20,RC(94000) x ratio(0.750),0,estimate
JP,osaka,大阪市西淀川区,1DK,src,94000,estimated_from_rc,,2026-02-20,2026-02-20,RC(94000) x ratio(1.000),0,estimate
JP,osaka,大阪市西淀川区,1LDK,light_steel,92400,estimated_from_rc,,2026-02-20,2026-02-20,RC(107000) x ratio(0.864),0,estimate
JP,osaka,大阪市西淀川区,1LDK,steel,91800,estimated_from_rc,,2026-02-20,2026-02-20,RC(107000) x ratio(0.858),0,estimate
JP,osaka,大阪市西淀川区,1LDK,src,107300,estimated_from_rc,,2026-02-20,2026-02-20,RC(107000) x ratio(1.003),0,estimate
JP,osaka,大阪市東淀川区,1R,light_steel,40300,estimated_from_rc,,2026-02-20,2026-02-20,RC(48000) x ratio(0.840),0,estimate
JP,osaka,大阪市東淀川区,1R,src,41700,estimated_from_rc,,2026-02-20,2026-02-20,RC(48000) x ratio(0.868),0,estimate
JP,osaka,大阪市東淀川区,1K,light_steel,54600,estimated_from_rc,,2026-02-20,2026-02-20,RC(66000) x ratio(0.827),0,estimate
JP,osaka,大阪市東淀川区,1K,src,53800,estimated_from_rc,,2026-02-20,2026-02-20,RC(66000) x ratio(0.815),0,estimate
JP,osaka,大阪市東淀川区,1DK,wood,70600,estimated_from_rc,,2026-02-20,2026-02-20,RC(81000) x ratio(0.871),0,estimate
JP,osaka,大阪市東淀川区,1DK,light_steel,68000,estimated_from_rc,,2026-02-20,2026-02-20,RC(81000) x ratio(0.840),0,estimate
JP,osaka,大阪市東淀川区,1DK,src,81000,estimated_from_rc,,2026-02-20,2026-02-20,RC(81000) x ratio(1.000),0,estimate
JP,osaka,大阪市東淀川区,1LDK,src,105300,estimated_from_rc,,2026-02-20,2026-02-20,RC(105000) x ratio(1.003),0,estimate
JP,osaka,大阪市東成区,1R,wood,45800,estimated_from_rc,,2026-02-20,2026-02-20,RC(61750) x ratio(0.742),0,estimate
JP,osaka,大阪市東成区,1R,light_steel,51900,estimated_from_rc,,2026-02-20,2026-02-20,RC(61750) x ratio(0.840),0,estimate
JP,osaka,大阪市東成区,1R,src,53600,estimated_from_rc,,2026-02-20,2026-02-20,RC(61750) x ratio(0.868),0,estimate
JP,osaka,大阪市東成区,1K,light_steel,54100,estimated_from_rc,,2026-02-20,2026-02-20,RC(65500) x ratio(0.827),0,estimate
JP,osaka,大阪市東成区,1K,src,53400,estimated_from_rc,,2026-02-20,2026-02-20,RC(65500) x ratio(0.815),0,estimate
JP,osaka,大阪市東成区,1DK,wood,69200,estimated_from_rc,,2026-02-20,2026-02-20,RC(79400) x ratio(0.871),0,estimate
JP,osaka,大阪市東成区,1DK,light_steel,66700,estimated_from_rc,,2026-02-20,2026-02-20,RC(79400) x ratio(0.840),0,estimate
JP,osaka,大阪市東成区,1DK,src,79400,estimated_from_rc,,2026-02-20,2026-02-20,RC(79400) x ratio(1.000),0,estimate
JP,osaka,大阪市東成区,1LDK,light_steel,86800,estimated_from_rc,,2026-02-20,2026-02-20,RC(100450) x ratio(0.864),0,estimate
JP,osaka,大阪市東成区,1LDK,steel,86200,estimated_from_rc,,2026-02-20,2026-02-20,RC(100450) x ratio(0.858),0,estimate
JP,osaka,大阪市東成区,1LDK,src,100800,estimated_from_rc,,2026-02-20,2026-02-20,RC(100450) x ratio(1.003),0,estimate
JP,osaka,大阪市生野区,1R,wood,39300,estimated_from_rc,,2026-02-20,2026-02-20,RC(53000) x ratio(0.742),0,estimate
JP,osaka,大阪市生野区,1R,light_steel,44500,estimated_from_rc,,2026-02-20,2026-02-20,RC(53000) x ratio(0.840),0,estimate
JP,osaka,大阪市生野区,1R,src,46000,estimated_from_rc,,2026-02-20,2026-02-20,RC(53000) x ratio(0.868),0,estimate
JP,osaka,大阪市生野区,1K,light_steel,49300,estimated_from_rc,,2026-02-20,2026-02-20,RC(59600) x ratio(0.827),0,estimate
JP,osaka,大阪市生野区,1K,src,48600,estimated_from_rc,,2026-02-20,2026-02-20,RC(59600) x ratio(0.815),0,estimate
JP,osaka,大阪市生野区,1DK,light_steel,57400,estimated_from_rc,,2026-02-20,2026-02-20,RC(68300) x ratio(0.840),0,estimate
JP,osaka,大阪市生野区,1DK,src,68300,estimated_from_rc,,2026-02-20,2026-02-20,RC(68300) x ratio(1.000),0,estimate
JP,osaka,大阪市生野区,1LDK,light_steel,68700,estimated_from_rc,,2026-02-20,2026-02-20,RC(79500) x ratio(0.864),0,estimate
JP,osaka,大阪市生野区,1LDK,src,79700,estimated_from_rc,,2026-02-20,2026-02-20,RC(79500) x ratio(1.003),0,estimate
JP,osaka,大阪市旭区,1R,wood,28600,estimated_from_rc,,2026-02-20,2026-02-20,RC(38500) x ratio(0.742),0,estimate
JP,osaka,大阪市旭区,1R,light_steel,32300,estimated_from_rc,,2026-02-20,2026-02-20,RC(38500) x ratio(0.840),0,estimate
JP,osaka,大阪市旭区,1R,src,33400,estimated_from_rc,,2026-02-20,2026-02-20,RC(38500) x ratio(0.868),0,estimate
JP,osaka,大阪市旭区,1K,light_steel,51800,estimated_from_rc,,2026-02-20,2026-02-20,RC(62699) x ratio(0.827),0,estimate
JP,osaka,大阪市旭区,1K,src,51100,estimated_from_rc,,2026-02-20,2026-02-20,RC(62699) x ratio(0.815),0,estimate
JP,osaka,大阪市旭区,1DK,light_steel,53800,estimated_from_rc,,2026-02-20,2026-02-20,RC(64000) x ratio(0.840),0,estimate
JP,osaka,大阪市旭区,1DK,src,64000,estimated_from_rc,,2026-02-20,2026-02-20,RC(64000) x ratio(1.000),0,estimate
JP,osaka,大阪市旭区,1LDK,src,93300,estimated_from_rc,,2026-02-20,2026-02-20,RC(93000) x ratio(1.003),0,estimate
JP,osaka,大阪市城東区,1R,wood,43100,estimated_from_rc,,2026-02-20,2026-02-20,RC(58000) x ratio(0.742),0,estimate
JP,osaka,大阪市城東区,1R,light_steel,48700,estimated_from_rc,,2026-02-20,2026-02-20,RC(58000) x ratio(0.840),0,estimate
JP,osaka,大阪市城東区,1R,src,50300,estimated_from_rc,,2026-02-20,2026-02-20,RC(58000) x ratio(0.868),0,estimate
JP,osaka,大阪市城東区,1K,wood,55600,estimated_from_rc,,2026-02-20,2026-02-20,RC(68700) x ratio(0.809),0,estimate
JP,osaka,大阪市城東区,1K,light_steel,56800,estimated_from_rc,,2026-02-20,2026-02-20,RC(68700) x ratio(0.827),0,estimate
JP,osaka,大阪市城東区,1K,steel,56800,estimated_from_rc,,2026-02-20,2026-02-20,RC(68700) x ratio(0.827),0,estimate
JP,osaka,大阪市城東区,1K,src,56000,estimated_from_rc,,2026-02-20,2026-02-20,RC(68700) x ratio(0.815),0,estimate
JP,osaka,大阪市城東区,1DK,light_steel,62200,estimated_from_rc,,2026-02-20,2026-02-20,RC(74000) x ratio(0.840),0,estimate
JP,osaka,大阪市城東区,1DK,src,74000,estimated_from_rc,,2026-02-20,2026-02-20,RC(74000) x ratio(1.000),0,estimate
JP,osaka,大阪市城東区,1LDK,light_steel,83300,estimated_from_rc,,2026-02-20,2026-02-20,RC(96500) x ratio(0.864),0,estimate
JP,osaka,大阪市城東区,1LDK,src,96800,estimated_from_rc,,2026-02-20,2026-02-20,RC(96500) x ratio(1.003),0,estimate
JP,osaka,大阪市阿倍野区,1R,wood,48200,estimated_from_rc,,2026-02-20,2026-02-20,RC(65000) x ratio(0.742),0,estimate
JP,osaka,大阪市阿倍野区,1R,light_steel,54600,estimated_from_rc,,2026-02-20,2026-02-20,RC(65000) x ratio(0.840),0,estimate
JP,osaka,大阪市阿倍野区,1R,src,56400,estimated_from_rc,,2026-02-20,2026-02-20,RC(65000) x ratio(0.868),0,estimate
JP,osaka,大阪市阿倍野区,1K,light_steel,54600,estimated_from_rc,,2026-02-20,2026-02-20,RC(66000) x ratio(0.827),0,estimate
JP,osaka,大阪市阿倍野区,1K,src,53800,estimated_from_rc,,2026-02-20,2026-02-20,RC(66000) x ratio(0.815),0,estimate
JP,osaka,大阪市阿倍野区,1LDK,wood,81700,estimated_from_rc,,2026-02-20,2026-02-20,RC(105000) x ratio(0.778),0,estimate
JP,osaka,大阪市阿倍野区,1LDK,light_steel,90700,estimated_from_rc,,2026-02-20,2026-02-20,RC(105000) x ratio(0.864),0,estimate
JP,osaka,大阪市阿倍野区,1LDK,src,105300,estimated_from_rc,,2026-02-20,2026-02-20,RC(105000) x ratio(1.003),0,estimate
JP,osaka,大阪市住吉区,1R,wood,33800,estimated_from_rc,,2026-02-20,2026-02-20,RC(45500) x ratio(0.742),0,estimate
JP,osaka,大阪市住吉区,1R,light_steel,38200,estimated_from_rc,,2026-02-20,2026-02-20,RC(45500) x ratio(0.840),0,estimate
JP,osaka,大阪市住吉区,1R,src,39500,estimated_from_rc,,2026-02-20,2026-02-20,RC(45500) x ratio(0.868),0,estimate
JP,osaka,大阪市住吉区,1K,light_steel,46300,estimated_from_rc,,2026-02-20,2026-02-20,RC(56000) x ratio(0.827),0,estimate
JP,osaka,大阪市住吉区,1K,src,45600,estimated_from_rc,,2026-02-20,2026-02-20,RC(56000) x ratio(0.815),0,estimate
JP,osaka,大阪市住吉区,1DK,light_steel,44500,estimated_from_rc,,2026-02-20,2026-02-20,RC(53000) x ratio(0.840),0,estimate
JP,osaka,大阪市住吉区,1DK,src,53000,estimated_from_rc,,2026-02-20,2026-02-20,RC(53000) x ratio(1.000),0,estimate
JP,osaka,大阪市住吉区,1LDK,src,78700,estimated_from_rc,,2026-02-20,2026-02-20,RC(78500) x ratio(1.003),0,estimate
JP,osaka,大阪市東住吉区,1R,light_steel,47900,estimated_from_rc,,2026-02-20,2026-02-20,RC(57000) x ratio(0.840),0,estimate
JP,osaka,大阪市東住吉区,1R,src,49500,estimated_from_rc,,2026-02-20,2026-02-20,RC(57000) x ratio(0.868),0,estimate
JP,osaka,大阪市東住吉区,1K,light_steel,49900,estimated_from_rc,,2026-02-20,2026-02-20,RC(60400) x ratio(0.827),0,estimate
JP,osaka,大阪市東住吉区,1K,src,49200,estimated_from_rc,,2026-02-20,2026-02-20,RC(60400) x ratio(0.815),0,estimate
JP,osaka,大阪市東住吉区,1DK,light_steel,52100,estimated_from_rc,,2026-02-20,2026-02-20,RC(62000) x ratio(0.840),0,estimate
JP,osaka,大阪市東住吉区,1DK,src,62000,estimated_from_rc,,2026-02-20,2026-02-20,RC(62000) x ratio(1.000),0,estimate
JP,osaka,大阪市東住吉区,1LDK,src,97300,estimated_from_rc,,2026-02-20,2026-02-20,RC(97000) x ratio(1.003),0,estimate
JP,osaka,大阪市西成区,1K,wood,46900,estimated_from_rc,,2026-02-20,2026-02-20,RC(58000) x ratio(0.809),0,estimate
JP,osaka,大阪市西成区,1K,light_steel,47900,estimated_from_rc,,2026-02-20,2026-02-20,RC(58000) x ratio(0.827),0,estimate
JP,osaka,大阪市西成区,1K,src,47300,estimated_from_rc,,2026-02-20,2026-02-20,RC(58000) x ratio(0.815),0,estimate
JP,osaka,大阪市西成区,1LDK,light_steel,77700,estimated_from_rc,,2026-02-20,2026-02-20,RC(90000) x ratio(0.864),0,estimate
JP,osaka,大阪市西成区,1LDK,steel,77200,estimated_from_rc,,2026-02-20,2026-02-20,RC(90000) x ratio(0.858),0,estimate
JP,osaka,大阪市西成区,1LDK,src,90300,estimated_from_rc,,2026-02-20,2026-02-20,RC(90000) x ratio(1.003),0,estimate
JP,osaka,大阪市淀川区,1R,wood,49000,estimated_from_rc,,2026-02-20,2026-02-20,RC(66000) x ratio(0.742),0,estimate
JP,osaka,大阪市淀川区,1R,light_steel,55400,estimated_from_rc,,2026-02-20,2026-02-20,RC(66000) x ratio(0.840),0,estimate
JP,osaka,大阪市淀川区,1K,wood,55800,estimated_from_rc,,2026-02-20,2026-02-20,RC(69000) x ratio(0.809),0,estimate
JP,osaka,大阪市淀川区,1K,light_steel,57000,estimated_from_rc,,2026-02-20,2026-02-20,RC(69000) x ratio(0.827),0,estimate
JP,osaka,大阪市淀川区,1DK,wood,70800,estimated_from_rc,,2026-02-20,2026-02-20,RC(81300) x ratio(0.871),0,estimate
JP,osaka,大阪市淀川区,1DK,light_steel,68300,estimated_from_rc,,2026-02-20,2026-02-20,RC(81300) x ratio(0.840),0,estimate
JP,osaka,大阪市淀川区,1LDK,wood,89400,estimated_from_rc,,2026-02-20,2026-02-20,RC(115000) x ratio(0.778),0,estimate
JP,osaka,大阪市淀川区,1LDK,light_steel,99300,estimated_from_rc,,2026-02-20,2026-02-20,RC(115000) x ratio(0.864),0,estimate
JP,osaka,大阪市淀川区,1LDK,steel,98700,estimated_from_rc,,2026-02-20,2026-02-20,RC(115000) x ratio(0.858),0,estimate
JP,osaka,大阪市淀川区,1LDK,src,115400,estimated_from_rc,,2026-02-20,2026-02-20,RC(115000) x ratio(1.003),0,estimate
JP,osaka,大阪市鶴見区,1K,light_steel,50400,estimated_from_rc,,2026-02-20,2026-02-20,RC(61000) x ratio(0.827),0,estimate
JP,osaka,大阪市鶴見区,1K,src,49700,estimated_from_rc,,2026-02-20,2026-02-20,RC(61000) x ratio(0.815),0,estimate
JP,osaka,大阪市鶴見区,1LDK,light_steel,83300,estimated_from_rc,,2026-02-20,2026-02-20,RC(96500) x ratio(0.864),0,estimate
JP,osaka,大阪市鶴見区,1LDK,src,96800,estimated_from_rc,,2026-02-20,2026-02-20,RC(96500) x ratio(1.003),0,estimate
JP,osaka,大阪市住之江区,1K,light_steel,50400,estimated_from_rc,,2026-02-20,2026-02-20,RC(61000) x ratio(0.827),0,estimate
JP,osaka,大阪市住之江区,1K,src,49700,estimated_from_rc,,2026-02-20,2026-02-20,RC(61000) x ratio(0.815),0,estimate
JP,osaka,大阪市平野区,1K,light_steel,50800,estimated_from_rc,,2026-02-20,2026-02-20,RC(61500) x ratio(0.827),0,estimate
JP,osaka,大阪市平野区,1K,src,50100,estimated_from_rc,,2026-02-20,2026-02-20,RC(61500) x ratio(0.815),0,estimate
JP,osaka,大阪市平野区,1DK,light_steel,39900,estimated_from_rc,,2026-02-20,2026-02-20,RC(47500) x ratio(0.840),0,estimate
JP,osaka,大阪市平野区,1DK,src,47500,estimated_from_rc,,2026-02-20,2026-02-20,RC(47500) x ratio(1.000),0,estimate
JP,osaka,大阪市平野区,1LDK,src,67200,estimated_from_rc,,2026-02-20,2026-02-20,RC(67000) x ratio(1.003),0,estimate
JP,osaka,大阪市北区,1R,wood,60100,estimated_from_rc,,2026-02-20,2026-02-20,RC(81000) x ratio(0.742),0,estimate
JP,osaka,大阪市北区,1R,light_steel,68000,estimated_from_rc,,2026-02-20,2026-02-20,RC(81000) x ratio(0.840),0,estimate
JP,osaka,大阪市北区,1K,wood,58200,estimated_from_rc,,2026-02-20,2026-02-20,RC(72000) x ratio(0.809),0,estimate
JP,osaka,大阪市北区,1K,light_steel,59500,estimated_from_rc,,2026-02-20,2026-02-20,RC(72000) x ratio(0.827),0,estimate
JP,osaka,大阪市北区,1DK,wood,80100,estimated_from_rc,,2026-02-20,2026-02-20,RC(92000) x ratio(0.871),0,estimate
JP,osaka,大阪市北区,1DK,light_steel,77300,estimated_from_rc,,2026-02-20,2026-02-20,RC(92000) x ratio(0.840),0,estimate
JP,osaka,大阪市北区,1DK,src,92000,estimated_from_rc,,2026-02-20,2026-02-20,RC(92000) x ratio(1.000),0,estimate
JP,osaka,大阪市北区,1LDK,wood,97200,estimated_from_rc,,2026-02-20,2026-02-20,RC(125000) x ratio(0.778),0,estimate
JP,osaka,大阪市北区,1LDK,light_steel,108000,estimated_from_rc,,2026-02-20,2026-02-20,RC(125000) x ratio(0.864),0,estimate
JP,osaka,大阪市北区,1LDK,src,125400,estimated_from_rc,,2026-02-20,2026-02-20,RC(125000) x ratio(1.003),0,estimate
JP,osaka,大阪市中央区,1R,wood,59000,estimated_from_rc,,2026-02-20,2026-02-20,RC(79500) x ratio(0.742),0,estimate
JP,osaka,大阪市中央区,1R,light_steel,66800,estimated_from_rc,,2026-02-20,2026-02-20,RC(79500) x ratio(0.840),0,estimate
JP,osaka,大阪市中央区,1K,wood,62300,estimated_from_rc,,2026-02-20,2026-02-20,RC(77000) x ratio(0.809),0,estimate
JP,osaka,大阪市中央区,1K,light_steel,63600,estimated_from_rc,,2026-02-20,2026-02-20,RC(77000) x ratio(0.827),0,estimate
JP,osaka,大阪市中央区,1K,steel,63700,estimated_from_rc,,2026-02-20,2026-02-20,RC(77000) x ratio(0.827),0,estimate
JP,osaka,大阪市中央区,1K,src,62800,estimated_from_rc,,2026-02-20,2026-02-20,RC(77000) x ratio(0.815),0,estimate
JP,osaka,大阪市中央区,1DK,wood,84500,estimated_from_rc,,2026-02-20,2026-02-20,RC(97000) x ratio(0.871),0,estimate
JP,osaka,大阪市中央区,1DK,light_steel,81500,estimated_from_rc,,2026-02-20,2026-02-20,RC(97000) x ratio(0.840),0,estimate
JP,osaka,大阪市中央区,1DK,src,97000,estimated_from_rc,,2026-02-20,2026-02-20,RC(97000) x ratio(1.000),0,estimate
JP,osaka,大阪市中央区,1LDK,wood,100300,estimated_from_rc,,2026-02-20,2026-02-20,RC(129000) x ratio(0.778),0,estimate
JP,osaka,大阪市中央区,1LDK,light_steel,111400,estimated_from_rc,,2026-02-20,2026-02-20,RC(129000) x ratio(0.864),0,estimate
JP,osaka,大阪市中央区,1LDK,steel,110700,estimated_from_rc,,2026-02-20,2026-02-20,RC(129000) x ratio(0.858),0,estimate
JP,osaka,大阪市中央区,1LDK,src,129400,estimated_from_rc,,2026-02-20,2026-02-20,RC(129000) x ratio(1.003),0,estimate
